{
  "name": "Mountain",
  "vendorId": "0x9D5B",
  "productId": "0x2163",
  "firmwareVersion": 0,
  "lighting": "none",
  "keycodes": ["via/keycodes"],
  "menus": ["via/keymap", "via/layouts", "via/macros", "via/save_load"],
  "matrix": {"rows": 5, "cols": 16},
  "layouts": {
    "labels":["Split Backspace"], 
    "keymap": [
      {"name": "Mountain"},
      [{"y":0.65,"x":12.57},"4,13","4,14",{"w":2},"4,8\n\n\n0,0",{"x":0.43},"4,15\n\n\n0,1","4,8\n\n\n0,1"],
      [{"y":-0.95,"x":0.41},"0,0","0,1"],
      [{"y":-0.05,"x":12.22},"3,13","3,14","3,15",{"w":1.5},"3,8"],
      [{"y":-0.95,"x":0.28,"w":1.5},"0,7","1,0"],
      [{"y":-0.05,"x":12.59},"2,13","2,14",{"w":2.25},"2,8"],
      [{"y":-0.95,"x":0.14,"w":1.75},"1,7","2,0"],
      [{"y":-0.05,"x":12.22},"1,13","1,14",{"w":1.75},"1,15","1,8"],
      [{"y":-0.95,"w":2.25},"2,7","3,1"],
      [{"y":-0.05,"x":13.23,"w":1.25},"0,12",{"w":1.25},"0,15",{"w":1.25},"0,8"],
      [{"y":-0.95,"x":0.25,"w":1.5},"3,7"],
      [{"r":8,"y":-5.52,"x":2.72},"0,2","0,3","0,4","0,5","0,6"],
      [{"x":3.22},"1,1","1,2","1,3","1,4"],
      [{"x":3.47},"2,1","2,2",{"n":true},"1,6","1,5"],
      [{"x":3.97},"2,6","2,5","2,4","2,3"],
      [{"y":0,"x":4.97,"w":2},"3,4","3,3"],
      [{"y":-0.9,"x":3.47,"w":1.5},"3,5"],
      [{"r":-8,"y":-2.98,"x":8.12},"4,9","4,10","4,11","4,12"],
      [{"x":7.62},"3,9",{"x":0},"3,10","3,11","3,12"],
      [{"x":7.87},"2,9",{"x":0,"n":true},"2,10","2,11","2,12"],
      [{"x":7.37},"1,9",{"x":0},"1,10","1,11","1,12"],
      [{"x":7.37,"w":2.75},"0,10",{"x":0,"w":1.25},"0,11"]
    ]
  }
}