{
  "name": "YDKB Duang60 v2",
  "vendorId": "0x9D5B",
  "productId": "0x2162",
  "firmwareVersion": 0,
  "lighting": "none",
  "keycodes": ["via/keycodes"],
  "menus": ["via/keymap", "via/layouts", "via/macros", "via/save_load"],
  "matrix": {"rows": 9, "cols": 8},
  "customKeycodes": [
    {"name": "BT/USB", "title": "Switch between Bluetooth and USB (Shortcut: LShift+RShift+U)", "shortName": "BT/U"},
    {"name": "RESET", "title": "Enter FLASH Mode when pressed with LCtrl.", "shortName": "RESET"},
    {"name": "BAT LEVEL", "title": "Outputs battery level in text (Shortcut: LShift+RShift+V)", "shortName": "BAT%"},
    {"name": "LOCK Mode", "title": "Make the keyboard enter lock mode and can be only waked up by pressing F and J.", "shortName": "Lk.M"}, 
    {"name": "RGB Toogle", "title": "RGB Toogle", "shortName": "R.TG"},
    {"name": "RGB Mode-", "title": "RGB Mode-", "shortName": "R.M-"},
    {"name": "RGB Mode+", "title": "RGB Mode+", "shortName": "R.M+"},
    {"name": "RGB HUE-", "title": "RGB HUE-", "shortName": "HUE-"},
    {"name": "RGB HUE+", "title": "RGB HUE+", "shortName": "HUE+"},
    {"name": "RGB SAT-", "title": "RGB SAT-", "shortName": "SAT-"},
    {"name": "RGB SAT+", "title": "RGB SAT+", "shortName": "SAT+"},
    {"name": "RGB LUM-", "title": "RGB LUM-", "shortName": "LUM-"},
    {"name": "RGB LUM+", "title": "RGB LUM+", "shortName": "LUM+"}
  ], 
  "layouts": {
    "labels":["2u Backspace", ["Bottom Row", "HHKB 7u", "WKL1", "WKL2"]], 
    "keymap": [
      [{"c":"#777777"},"0,0",{"c":"#cccccc"},"0,1","0,2","0,3","0,4","0,5","0,6","0,7","8,1","8,2","8,3","8,4","8,5","8,6\n\n\n0,0","8,0\n\n\n0,0",{"x":0.5,"w":2},"8,0\n\n\n0,1"],
      [{"c":"#aaaaaa","w":1.5},"1,0",{"c":"#cccccc"},"1,1","1,2","1,3","1,4","1,5","1,6","1,7","7,1","7,2","7,3","7,4","7,5",{"c":"#aaaaaa","w":1.5},"7,6\n\n\n0,0",{"x":1,"c":"#cccccc","w":1.5},"7,6\n\n\n0,1"],
      [{"c":"#aaaaaa","w":1.75},"2,0",{"c":"#cccccc"},"2,1","2,2","2,3","2,4","2,5","2,6","6,1","6,2","6,3","6,4","6,5",{"c":"#777777","w":2.25},"6,6"],
      [{"c":"#aaaaaa","w":2.25},"3,0\n\n\n1,0",{"c":"#cccccc"},"3,1","3,2","3,3","3,4","5,1","5,2","5,3","5,4","5,5","5,6",{"c":"#aaaaaa","w":1.75},"5,7","5,0"],
      [{"x":1.5},"3,6\n\n\n1,0",{"w":1.5},"3,7\n\n\n1,0",{"c":"#777777","w":7},"4,1\n\n\n1,0",{"c":"#aaaaaa","w":1.5},"4,4\n\n\n1,0","4,5\n\n\n1,0"],
      [{"w":2.25},"3,0\n\n\n1,1"],
      [{"w":1.5},"3,5\n\n\n1,1","3,6\n\n\n1,1",{"w":1.5},"3,7\n\n\n1,1",{"c":"#777777","w":7},"4,1\n\n\n1,1",{"c":"#aaaaaa","w":1.5},"4,4\n\n\n1,1","4,5\n\n\n1,1",{"w":1.5},"4,7\n\n\n1,1"],
      [{"w":2.25},"3,0\n\n\n1,2"],
      [{"w":1.5},"3,5\n\n\n1,2",{"x":1,"w":1.5},"3,7\n\n\n1,2",{"c":"#777777","w":7},"4,1\n\n\n1,2",{"c":"#aaaaaa","w":1.5},"4,4\n\n\n1,2",{"x":1,"w":1.5},"4,7\n\n\n1,2"]
    ]
  }
}