{
  "name": "YDKB Duang60 v1",
  "vendorId": "0x9D5B",
  "productId": "0x2060",
  "firmwareVersion": 0,
  "lighting": "qmk_backlight",
  "keycodes": ["via/keycodes"],
  "menus": ["via/keymap", "via/layouts", "via/macros", "via/save_load"],
  "matrix": {"rows": 5, "cols": 16},
  "customKeycodes": [
    {"name": "BT/USB", "title": "Switch between Bluetooth and USB (Shortcut: LShift+RShift+U)", "shortName": "BT/USB"},
    {"name": "RESET", "title": "Enter FLASH Mode when pressed with LCtrl.", "shortName": "RESET"},
    {"name": "BATTERY LEVEL", "title": "Outputs battery level in text (Shortcut: LShift+RShift+V)", "shortName": "BATT LEVEL"},
    {"name": "LOCK MODE", "title": "Make the keyboard enter lock mode and can be only waked up by pressing F and J.", "shortName": "LOCK MODE"}, 
    {"name": "RGB Toogle", "title": "RGB Toogle", "shortName": "RGB Toogle"},
    {"name": "RGB Mode-", "title": "RGB Mode-", "shortName": "RGB Mode-"},
    {"name": "RGB Mode+", "title": "RGB Mode+", "shortName": "RGB Mode+"},
    {"name": "RGB HUE-", "title": "RGB HUE-", "shortName": "RGB HUE-"},
    {"name": "RGB HUE+", "title": "RGB HUE+", "shortName": "RGB HUE+"},
    {"name": "RGB SAT-", "title": "RGB SAT-", "shortName": "RGB SAT-"},
    {"name": "RGB SAT+", "title": "RGB SAT+", "shortName": "RGB SAT+"},
    {"name": "RGB LUM-", "title": "RGB LUM-", "shortName": "RGB LUM-"},
    {"name": "RGB LUM+", "title": "RGB LUM+", "shortName": "RGB LUM+"}
  ], 
  "layouts": {
    "labels":["Backspace", "ISO Enter", "Left Shift", "Right Shift", ["Bottom Row", "WK", "WKL", "HHKB Style"]], 
    "keymap": [
      [{"x":2.25,"c":"#888888","h":1.25},"0,7",{"h":1.25},"1,7",{"x":12,"h":1.25},"0,15",{"h":1.25},"1,15"],
      [{"y":0.25,"x":2.75},"0,0",{"c":"#cccccc"},"0,6","0,3","0,2","0,1","0,4","0,5","0,9","0,10","0,12","0,13","0,8","0,14",{"c":"#aaaaaa","w":2},"1,9\n\n\n0,0",{"x":0.25,"c":"#cccccc"},"0,11\n\n\n0,1","1,9\n\n\n0,1"],
      [{"x":2.75,"c":"#aaaaaa","w":1.5},"1,0",{"c":"#cccccc"},"1,6","1,3","1,2","1,1","1,4","1,5","1,10","1,12","1,13","1,8","1,14","1,11",{"w":1.5},"2,11\n\n\n1,0",{"x":1.25,"c":"#888888","w":1.25,"h":2,"w2":1.5,"h2":1,"x2":-0.25},"2,9\n\n\n1,1"],
      [{"x":2.75,"c":"#aaaaaa","w":1.75},"2,0",{"c":"#cccccc"},"2,6","2,3","2,2",{"n":true},"2,1","2,4","2,5",{"n":true},"2,10","2,12","2,13","2,8","2,14",{"c":"#888888","w":2.25},"2,9\n\n\n1,0",{"x":0.25,"c":"#cccccc"},"2,11\n\n\n1,1"],
      [{"x":0.25,"c":"#aaaaaa","w":1.25},"3,0\n\n\n2,1",{"c":"#cccccc"},"3,6\n\n\n2,1",{"x":0.25,"c":"#aaaaaa","w":2.25},"3,0\n\n\n2,0",{"c":"#cccccc"},"3,3","3,2","3,1","3,4","3,5","3,10","3,12","3,13","3,8","3,14",{"c":"#aaaaaa","w":2.75},"3,11\n\n\n3,0",{"x":0.5,"w":1.75},"3,11\n\n\n3,1",{"c":"#cccccc"},"3,9\n\n\n3,1"],
      [{"x":2.75,"c":"#aaaaaa","w":1.25},"4,0\n\n\n4,0",{"w":1.25},"4,6\n\n\n4,0",{"w":1.25},"4,3\n\n\n4,0",{"c":"#888888","w":6.25},"4,10\n\n\n4,0",{"c":"#aaaaaa","w":1.25},"4,13\n\n\n4,0",{"w":1.25},"4,14\n\n\n4,0",{"w":1.25},"4,11\n\n\n4,0",{"w":1.25},"4,9\n\n\n4,0"],
      [{"y":0.25,"x":2.75,"w":1.5},"4,0\n\n\n4,1","4,6\n\n\n4,1",{"w":1.5},"4,3\n\n\n4,1",{"c":"#888888","w":7},"4,10\n\n\n4,1",{"c":"#aaaaaa","w":1.5},"4,14\n\n\n4,1","4,11\n\n\n4,1",{"w":1.5},"4,9\n\n\n4,1"],
      [{"x":2.75,"w":1.5,"d":true},"4,0\n\n\n4,2","4,6\n\n\n4,2",{"w":1.5},"4,3\n\n\n4,2",{"c":"#888888","w":7},"4,10\n\n\n4,2",{"c":"#aaaaaa","w":1.5},"4,14\n\n\n4,2","4,11\n\n\n4,2",{"w":1.5,"d":true},"4,9\n\n\n4,2"]
    ]
  }
}