{
  "name": "YDKB_Xikii Sasuke No.01",
  "vendorId": "0x9D5B",
  "productId": "0x2110",
  "firmwareVersion": 0,
  "lighting": "none",
  "keycodes": ["via/keycodes"],
  "menus": ["via/keymap","via/macros", "via/save_load"],
  "matrix": {"rows": 5, "cols": 8},
  "layouts": {
    "keymap": [
      {"name": "Sasuke No.01"},
      [{"x":0.25,"w":1.25,"h":0.75},"0,2"],
      [{"y":-0.75,"x":2.75,"w":1.25,"h":0.75},"1,2",{"x":1.25,"w":1.25,"h":0.75},"2,2",{"x":1.25,"w":1.25,"h":0.75},"3,2",{"x":1.25,"w":1.25,"h":0.75},"4,2"],
      [{"y":-0.5,"w":1.75,"h":1.5},"0,3"],
      [{"y":-0.75,"x":2.5,"w":1.75},"1,3",{"x":0.75,"w":1.75},"2,3",{"x":0.75,"w":1.75},"3,3",{"x":0.75,"w":1.75},"4,3"],
      [{"x":2.75,"w":1.25,"h":0.75},"1,1",{"x":1.25,"w":1.25,"h":0.75},"2,1",{"x":1.25,"w":1.25,"h":0.75},"3,1",{"x":1.25,"w":1.25,"h":0.75},"4,1"],
      [{"y":-0.75,"x":0.25,"w":1.25,"h":0.75},"0,1"],
      [{"x":0.25,"w":1.25,"h":0.75},"0,6",{"x":1.25,"w":1.25,"h":0.75},"1,6",{"x":1.25,"w":1.25,"h":0.75},"2,6",{"x":1.25,"w":1.25,"h":0.75},"3,6",{"x":1.25,"w":1.25,"h":0.75},"4,6"],
      [{"y":-0.25,"w":1.75},"0,7",{"x":0.75,"w":1.75},"1,7",{"x":0.75,"w":1.75},"2,7",{"x":0.75,"w":1.75},"3,7",{"x":0.75,"w":1.75},"4,7"],
      [{"x":0.25,"w":1.25,"h":0.75},"0,5",{"x":1.25,"w":1.25,"h":0.75},"1,5",{"x":1.25,"w":1.25,"h":0.75},"2,5",{"x":1.25,"w":1.25,"h":0.75},"3,5",{"x":1.25,"w":1.25,"h":0.75},"4,5"]
    ]
  }
}