{
  "name": "YDKB_KBDFans YD67BLE",
  "vendorId": "0x9D5B",
  "productId": "0x2167",
  "firmwareVersion": 0,
  "lighting": "none",
  "keycodes": ["via/keycodes"],
  "menus": ["via/keymap", "via/macros", "via/save_load"],
  "matrix": {"rows": 5, "cols": 16},
  "customKeycodes": [
    {"name": "BT/USB", "title": "Switch between Bluetooth and USB (Shortcut: LShift+RShift+U)", "shortName": "BT/USB"},
    {"name": "RESET", "title": "Enter FLASH Mode when pressed with LCtrl.", "shortName": "RESET"},
    {"name": "BATTERY LEVEL", "title": "Outputs battery level in text (Shortcut: LShift+RShift+V)", "shortName": "BATT LEVEL"},
    {"name": "LOCK MODE", "title": "Make the keyboard enter lock mode and can be only waked up by pressing F and J.", "shortName": "LOCK MODE"}
  ], 
  "layouts": {
    "keymap": [
      {"name": "YD67BLE"},
      [{"c":"#777777"},"0,0",{"c":"#cccccc"},"0,1","0,2","0,3","0,4","0,5","0,6","0,7","0,8","0,9","0,10","0,11","0,12",{"c":"#aaaaaa","w":2},"0,13",{"c":"#cccccc"},"0,14"],
      [{"c":"#aaaaaa","w":1.5},"1,0",{"c":"#cccccc"},"1,1","1,2","1,3","1,4","1,5","1,6","1,7","1,8","1,9","1,10","1,11","1,12",{"c":"#aaaaaa","w":1.5},"1,13",{"c":"#cccccc"},"1,14"],
      [{"c":"#aaaaaa","w":1.75},"2,0",{"c":"#cccccc"},"2,1","2,2","2,3","2,4","2,5","2,6","2,7","2,8","2,9","2,10","2,11",{"c":"#777777","w":2.25},"2,13",{"c":"#cccccc"},"2,14"],
      [{"c":"#aaaaaa","w":2.25},"3,0",{"c":"#cccccc"},"3,1","3,2","3,3","3,4","3,5","3,6","3,7","3,8","3,9","3,10",{"c":"#aaaaaa","w":1.75},"3,12",{"c":"#777777"},"3,13",{"c":"#cccccc"},"3,14"],
      [{"c":"#aaaaaa","w":1.25},"4,0",{"w":1.25},"4,1",{"w":1.25},"4,2",{"c":"#777777","w":6.25},"4,5",{"c":"#aaaaaa","w":1.25},"4,9",{"w":1.25},"4,10",{"x":0.5,"c":"#777777"},"4,12","4,13","4,14"]
    ]
  }
}