{
  "name": "YDKB BLE660C/BLE980C",
  "vendorId": "0x9D5B",
  "productId": "0x19C1",
  "firmwareVersion": 0,
  "lighting": "none",
  "keycodes": ["via/keycodes"],
  "menus": ["via/keymap", "via/macros", "via/save_load"],
  "matrix": {"rows": 7, "cols": 16},
  "customKeycodes": [
    {"name": "BT/USB", "title": "Switch between Bluetooth and USB (Shortcut: LShift+RShift+U)", "shortName": "BT/U"},
    {"name": "RESET", "title": "Enter FLASH Mode when pressed with LCtrl.", "shortName": "RESET"},
    {"name": "BATTERY LEVEL", "title": "Outputs battery level in text (Shortcut: LShift+RShift+V)", "shortName": "BAT%"},
    {"name": "LOCK MODE", "title": "Make the keyboard enter lock mode and can be only waked up by pressing F and J.", "shortName": "Lk.M"} 
  ], 
  "layouts": {
    "labels":[["Keyboard", "BLE660C", "BLE980C"]], 
    "keymap": [
      [{"d":true},"0,10\n\n\n0,0"],
      [{"y":-0.25,"x":1.5,"c":"#777777"},"0,13\n\n\n0,0",{"c":"#cccccc"},"5,9\n\n\n0,0","4,9\n\n\n0,0","4,8\n\n\n0,0","4,11\n\n\n0,0","5,15\n\n\n0,0","4,15\n\n\n0,0","4,14\n\n\n0,0","5,12\n\n\n0,0","4,12\n\n\n0,0","4,2\n\n\n0,0","4,1\n\n\n0,0","4,0\n\n\n0,0",{"c":"#aaaaaa","w":2},"4,5\n\n\n0,0",{"x":0.5,"c":"#cccccc"},"6,6\n\n\n0,0"],
      [{"x":1.5,"c":"#aaaaaa","w":1.5},"5,10\n\n\n0,0",{"c":"#cccccc"},"3,9\n\n\n0,0","5,8\n\n\n0,0","5,11\n\n\n0,0","3,11\n\n\n0,0","3,15\n\n\n0,0","5,14\n\n\n0,0","3,14\n\n\n0,0","3,12\n\n\n0,0","5,2\n\n\n0,0","5,1\n\n\n0,0","5,0\n\n\n0,0","3,3\n\n\n0,0",{"w":1.5},"4,3\n\n\n0,0",{"x":0.5},"6,4\n\n\n0,0"],
      [{"x":1.5,"c":"#aaaaaa","w":1.75},"3,10\n\n\n0,0",{"c":"#cccccc"},"2,9\n\n\n0,0","3,8\n\n\n0,0","2,8\n\n\n0,0","2,11\n\n\n0,0","2,15\n\n\n0,0","2,14\n\n\n0,0","2,12\n\n\n0,0","1,12\n\n\n0,0","3,2\n\n\n0,0","3,1\n\n\n0,0","2,0\n\n\n0,0",{"c":"#777777","w":2.25},"5,3\n\n\n0,0"],
      [{"x":1.5,"c":"#aaaaaa","w":2.25},"2,10\n\n\n0,0",{"c":"#cccccc"},"1,8\n\n\n0,0","0,8\n\n\n0,0","1,11\n\n\n0,0","0,11\n\n\n0,0","1,15\n\n\n0,0","1,14\n\n\n0,0","0,14\n\n\n0,0","2,2\n\n\n0,0","1,1\n\n\n0,0","2,1\n\n\n0,0",{"c":"#aaaaaa","w":2},"3,0\n\n\n0,0",{"c":"#777777"},"3,4\n\n\n0,0"],
      [{"y":-0.25,"x":18.5,"h":2,"d":true},"1,5\n\n\n0,0"],
      [{"y":-0.75,"x":1.5,"c":"#aaaaaa","w":1.25},"1,10\n\n\n0,0","0,9\n\n\n0,0",{"w":1.25},"1,9\n\n\n0,0",{"c":"#777777","w":6},"0,15\n\n\n0,0",{"c":"#aaaaaa","w":1.25},"0,2\n\n\n0,0","0,1\n\n\n0,0",{"w":1.25},"1,0\n\n\n0,0",{"x":0.25,"c":"#777777"},"0,0\n\n\n0,0","0,4\n\n\n0,0","0,6\n\n\n0,0"],
      [{"y":1.25},"0,13\n\n\n0,1",{"x":1,"c":"#cccccc"},"2,13\n\n\n0,1","4,13\n\n\n0,1","3,13\n\n\n0,1","5,13\n\n\n0,1",{"x":0.5,"c":"#aaaaaa"},"6,13\n\n\n0,1","6,15\n\n\n0,1","6,14\n\n\n0,1","6,12\n\n\n0,1",{"x":0.5,"c":"#cccccc"},"6,2\n\n\n0,1","6,1\n\n\n0,1","6,0\n\n\n0,1","6,3\n\n\n0,1",{"x":0.5,"c":"#aaaaaa"},"6,4\n\n\n0,1","6,6\n\n\n0,1","6,7\n\n\n0,1","6,5\n\n\n0,1"],
      [{"y":0.25,"c":"#cccccc"},"0,10\n\n\n0,1","5,9\n\n\n0,1","4,9\n\n\n0,1","4,8\n\n\n0,1","4,11\n\n\n0,1","5,15\n\n\n0,1","4,15\n\n\n0,1","4,14\n\n\n0,1","5,12\n\n\n0,1","4,12\n\n\n0,1","4,2\n\n\n0,1","4,1\n\n\n0,1","4,0\n\n\n0,1",{"c":"#aaaaaa","w":2},"4,5\n\n\n0,1",{"x":0.5},"4,4\n\n\n0,1","4,6\n\n\n0,1","4,7\n\n\n0,1","5,5\n\n\n0,1"],
      [{"w":1.5},"5,10\n\n\n0,1",{"c":"#cccccc"},"3,9\n\n\n0,1","5,8\n\n\n0,1","5,11\n\n\n0,1","3,11\n\n\n0,1","3,15\n\n\n0,1","5,14\n\n\n0,1","3,14\n\n\n0,1","3,12\n\n\n0,1","5,2\n\n\n0,1","5,1\n\n\n0,1","5,0\n\n\n0,1","3,3\n\n\n0,1",{"w":1.5},"4,3\n\n\n0,1",{"x":0.5},"5,4\n\n\n0,1","5,6\n\n\n0,1","5,7\n\n\n0,1",{"c":"#aaaaaa","h":2},"2,5\n\n\n0,1"],
      [{"w":1.75},"3,10\n\n\n0,1",{"c":"#cccccc"},"2,9\n\n\n0,1","3,8\n\n\n0,1","2,8\n\n\n0,1","2,11\n\n\n0,1","2,15\n\n\n0,1","2,14\n\n\n0,1","2,12\n\n\n0,1","1,12\n\n\n0,1","3,2\n\n\n0,1","3,1\n\n\n0,1","2,0\n\n\n0,1",{"c":"#777777","w":2.25},"5,3\n\n\n0,1",{"x":0.5,"c":"#cccccc"},"2,4\n\n\n0,1","2,6\n\n\n0,1","2,7\n\n\n0,1"],
      [{"c":"#aaaaaa","w":2.25},"2,10\n\n\n0,1",{"c":"#cccccc"},"1,8\n\n\n0,1","0,8\n\n\n0,1","1,11\n\n\n0,1","0,11\n\n\n0,1","1,15\n\n\n0,1","1,14\n\n\n0,1","0,14\n\n\n0,1","2,2\n\n\n0,1","1,1\n\n\n0,1","2,1\n\n\n0,1",{"c":"#aaaaaa","w":1.75},"3,0\n\n\n0,1",{"x":1.5,"c":"#cccccc"},"1,4\n\n\n0,1","1,6\n\n\n0,1","1,7\n\n\n0,1",{"c":"#777777","h":2},"1,5\n\n\n0,1"],
      [{"y":-0.75,"x":14.25},"3,4\n\n\n0,1"],
      [{"y":-0.25,"c":"#aaaaaa","w":1.25},"1,10\n\n\n0,1","0,9\n\n\n0,1",{"w":1.25},"1,9\n\n\n0,1",{"c":"#777777","w":6},"0,15\n\n\n0,1",{"c":"#aaaaaa","w":1.25},"0,2\n\n\n0,1","0,1\n\n\n0,1",{"w":1.25},"1,0\n\n\n0,1",{"x":3.5,"c":"#cccccc"},"0,7\n\n\n0,1","0,5\n\n\n0,1"],
      [{"y":-0.75,"x":13.25,"c":"#777777"},"0,0\n\n\n0,1","0,4\n\n\n0,1","0,6\n\n\n0,1"]
    ]
  }
}